Image_Path,Label
C:\Users\Anjel\Downloads\Filipino_Dishes_Images\Pancit_Canton\Pancit_Canton_image_19.jpg,10
C:\Users\Anjel\Downloads\Filipino_Dishes_Images\Caldereta\Caldereta_image_59.jpg,2
C:\Users\Anjel\Downloads\Filipino_Dishes_Images\Afritada\Afritada_image_55.jpg,1
C:\Users\Anjel\Downloads\Filipino_Dishes_Images\Pancit_Canton\Pancit_Canton_image_29.jpg,10
C:\Users\Anjel\Downloads\Filipino_Dishes_Images\Afritada\Afritada_image_47.jpg,1
C:\Users\Anjel\Downloads\Filipino_Dishes_Images\Kare-Kare\Kare-Kare_image_26.jpg,6
C:\Users\Anjel\Downloads\Filipino_Dishes_Images\Mechado\Mechado_image_8.jpg,8
C:\Users\Anjel\Downloads\Filipino_Dishes_Images\Adobo\Adobo_image_51.jpg,0
C:\Users\Anjel\Downloads\Filipino_Dishes_Images\Pancit_Canton\Pancit_Canton_image_70.jpg,10
C:\Users\Anjel\Downloads\Filipino_Dishes_Images\Adobo\Adobo_image_19.jpg,0
C:\Users\Anjel\Downloads\Filipino_Dishes_Images\Chicharon_Bulaklak\Chicharon_Bulaklak_image_41.jpg,3
C:\Users\Anjel\Downloads\Filipino_Dishes_Images\Halo-Halo\Halo-Halo_image_3.jpg,5
C:\Users\Anjel\Downloads\Filipino_Dishes_Images\Adobo\Adobo_image_24.jpg,0
C:\Users\Anjel\Downloads\Filipino_Dishes_Images\Chicharon_Bulaklak\Chicharon_Bulaklak_image_24.jpg,3
C:\Users\Anjel\Downloads\Filipino_Dishes_Images\Dinuguan\Dinuguan_image_3.jpg,4
C:\Users\Anjel\Downloads\Filipino_Dishes_Images\Dinuguan\Dinuguan_image_18.jpg,4
C:\Users\Anjel\Downloads\Filipino_Dishes_Images\Pancit_Malabon\Pancit_Malabon_image_21.jpg,11
C:\Users\Anjel\Downloads\Filipino_Dishes_Images\Pancit_Canton\Pancit_Canton_image_47.jpg,10
C:\Users\Anjel\Downloads\Filipino_Dishes_Images\Dinuguan\Dinuguan_image_46.jpg,4
C:\Users\Anjel\Downloads\Filipino_Dishes_Images\Menudo\Menudo_image_3.jpg,9
C:\Users\Anjel\Downloads\Filipino_Dishes_Images\Adobo\Adobo_image_43.jpg,0
C:\Users\Anjel\Downloads\Filipino_Dishes_Images\Dinuguan\Dinuguan_image_41.jpg,4
C:\Users\Anjel\Downloads\Filipino_Dishes_Images\Sinigang\Sinigang_image_57.jpg,12
C:\Users\Anjel\Downloads\Filipino_Dishes_Images\Afritada\Afritada_image_1.jpg,1
C:\Users\Anjel\Downloads\Filipino_Dishes_Images\Chicharon_Bulaklak\Chicharon_Bulaklak_image_14.jpg,3
C:\Users\Anjel\Downloads\Filipino_Dishes_Images\Menudo\Menudo_image_6.jpg,9
C:\Users\Anjel\Downloads\Filipino_Dishes_Images\Menudo\Menudo_image_55.jpg,9
C:\Users\Anjel\Downloads\Filipino_Dishes_Images\Afritada\Afritada_image_46.jpg,1
C:\Users\Anjel\Downloads\Filipino_Dishes_Images\Lechon\Lechon_image_9.jpg,7
C:\Users\Anjel\Downloads\Filipino_Dishes_Images\Dinuguan\Dinuguan_image_54.jpg,4
C:\Users\Anjel\Downloads\Filipino_Dishes_Images\Halo-Halo\Halo-Halo_image_52.jpg,5
C:\Users\Anjel\Downloads\Filipino_Dishes_Images\Adobo\Adobo_image_39.jpg,0
C:\Users\Anjel\Downloads\Filipino_Dishes_Images\Sinigang\Sinigang_image_16.jpg,12
C:\Users\Anjel\Downloads\Filipino_Dishes_Images\Chicharon_Bulaklak\Chicharon_Bulaklak_image_10.jpg,3
C:\Users\Anjel\Downloads\Filipino_Dishes_Images\Mechado\Mechado_image_68.jpg,8
C:\Users\Anjel\Downloads\Filipino_Dishes_Images\Sinigang\Sinigang_image_47.jpg,12
C:\Users\Anjel\Downloads\Filipino_Dishes_Images\Pancit_Canton\Pancit_Canton_image_32.jpg,10
C:\Users\Anjel\Downloads\Filipino_Dishes_Images\Pancit_Malabon\Pancit_Malabon_image_7.jpg,11
C:\Users\Anjel\Downloads\Filipino_Dishes_Images\Mechado\Mechado_image_11.jpg,8
C:\Users\Anjel\Downloads\Filipino_Dishes_Images\Lechon\Lechon_image_12.jpg,7
C:\Users\Anjel\Downloads\Filipino_Dishes_Images\Menudo\Menudo_image_26.jpg,9
C:\Users\Anjel\Downloads\Filipino_Dishes_Images\Adobo\Adobo_image_26.jpg,0
C:\Users\Anjel\Downloads\Filipino_Dishes_Images\Menudo\Menudo_image_11.jpg,9
C:\Users\Anjel\Downloads\Filipino_Dishes_Images\Pancit_Canton\Pancit_Canton_image_13.jpg,10
C:\Users\Anjel\Downloads\Filipino_Dishes_Images\Dinuguan\Dinuguan_image_34.jpg,4
C:\Users\Anjel\Downloads\Filipino_Dishes_Images\Mechado\Mechado_image_61.jpg,8
C:\Users\Anjel\Downloads\Filipino_Dishes_Images\Dinuguan\Dinuguan_image_35.jpg,4
C:\Users\Anjel\Downloads\Filipino_Dishes_Images\Mechado\Mechado_image_14.jpg,8
C:\Users\Anjel\Downloads\Filipino_Dishes_Images\Pancit_Canton\Pancit_Canton_image_3.jpg,10
C:\Users\Anjel\Downloads\Filipino_Dishes_Images\Kare-Kare\Kare-Kare_image_38.jpg,6
C:\Users\Anjel\Downloads\Filipino_Dishes_Images\Adobo\Adobo_image_60.jpg,0
C:\Users\Anjel\Downloads\Filipino_Dishes_Images\Sinigang\Sinigang_image_49.jpg,12
C:\Users\Anjel\Downloads\Filipino_Dishes_Images\Dinuguan\Dinuguan_image_47.jpg,4
C:\Users\Anjel\Downloads\Filipino_Dishes_Images\Mechado\Mechado_image_18.jpg,8
C:\Users\Anjel\Downloads\Filipino_Dishes_Images\Menudo\Menudo_image_30.jpg,9
C:\Users\Anjel\Downloads\Filipino_Dishes_Images\Menudo\Menudo_image_56.jpg,9
C:\Users\Anjel\Downloads\Filipino_Dishes_Images\Kare-Kare\Kare-Kare_image_23.jpg,6
C:\Users\Anjel\Downloads\Filipino_Dishes_Images\Pancit_Canton\Pancit_Canton_image_11.jpg,10
C:\Users\Anjel\Downloads\Filipino_Dishes_Images\Sisig\Sisig_image_2.jpg,13
C:\Users\Anjel\Downloads\Filipino_Dishes_Images\Mechado\Mechado_image_56.jpg,8
C:\Users\Anjel\Downloads\Filipino_Dishes_Images\Chicharon_Bulaklak\Chicharon_Bulaklak_image_1.jpg,3
C:\Users\Anjel\Downloads\Filipino_Dishes_Images\Halo-Halo\Halo-Halo_image_53.jpg,5
C:\Users\Anjel\Downloads\Filipino_Dishes_Images\Adobo\Adobo_image_23.jpg,0
C:\Users\Anjel\Downloads\Filipino_Dishes_Images\Dinuguan\Dinuguan_image_30.jpg,4
C:\Users\Anjel\Downloads\Filipino_Dishes_Images\Halo-Halo\Halo-Halo_image_62.jpg,5
C:\Users\Anjel\Downloads\Filipino_Dishes_Images\Sinigang\Sinigang_image_30.jpg,12
C:\Users\Anjel\Downloads\Filipino_Dishes_Images\Chicharon_Bulaklak\Chicharon_Bulaklak_image_45.jpg,3
C:\Users\Anjel\Downloads\Filipino_Dishes_Images\Pancit_Canton\Pancit_Canton_image_22.jpg,10
C:\Users\Anjel\Downloads\Filipino_Dishes_Images\Chicharon_Bulaklak\Chicharon_Bulaklak_image_17.jpg,3
C:\Users\Anjel\Downloads\Filipino_Dishes_Images\Sisig\Sisig_image_57.jpg,13
C:\Users\Anjel\Downloads\Filipino_Dishes_Images\Dinuguan\Dinuguan_image_15.jpg,4
C:\Users\Anjel\Downloads\Filipino_Dishes_Images\Pancit_Canton\Pancit_Canton_image_46.jpg,10
C:\Users\Anjel\Downloads\Filipino_Dishes_Images\Chicharon_Bulaklak\Chicharon_Bulaklak_image_33.jpg,3
C:\Users\Anjel\Downloads\Filipino_Dishes_Images\Kare-Kare\Kare-Kare_image_56.jpg,6
C:\Users\Anjel\Downloads\Filipino_Dishes_Images\Afritada\Afritada_image_60.jpg,1
C:\Users\Anjel\Downloads\Filipino_Dishes_Images\Pancit_Canton\Pancit_Canton_image_49.jpg,10
C:\Users\Anjel\Downloads\Filipino_Dishes_Images\Mechado\Mechado_image_25.jpg,8
C:\Users\Anjel\Downloads\Filipino_Dishes_Images\Mechado\Mechado_image_26.jpg,8
C:\Users\Anjel\Downloads\Filipino_Dishes_Images\Dinuguan\Dinuguan_image_17.jpg,4
C:\Users\Anjel\Downloads\Filipino_Dishes_Images\Halo-Halo\Halo-Halo_image_55.jpg,5
C:\Users\Anjel\Downloads\Filipino_Dishes_Images\Afritada\Afritada_image_40.jpg,1
C:\Users\Anjel\Downloads\Filipino_Dishes_Images\Halo-Halo\Halo-Halo_image_45.jpg,5
C:\Users\Anjel\Downloads\Filipino_Dishes_Images\Menudo\Menudo_image_8.jpg,9
C:\Users\Anjel\Downloads\Filipino_Dishes_Images\Caldereta\Caldereta_image_22.jpg,2
C:\Users\Anjel\Downloads\Filipino_Dishes_Images\Pancit_Malabon\Pancit_Malabon_image_14.jpg,11
C:\Users\Anjel\Downloads\Filipino_Dishes_Images\Halo-Halo\Halo-Halo_image_27.jpg,5
C:\Users\Anjel\Downloads\Filipino_Dishes_Images\Mechado\Mechado_image_67.jpg,8
C:\Users\Anjel\Downloads\Filipino_Dishes_Images\Sisig\Sisig_image_32.jpg,13
C:\Users\Anjel\Downloads\Filipino_Dishes_Images\Pancit_Canton\Pancit_Canton_image_50.jpg,10
C:\Users\Anjel\Downloads\Filipino_Dishes_Images\Pancit_Canton\Pancit_Canton_image_36.jpg,10
C:\Users\Anjel\Downloads\Filipino_Dishes_Images\Pancit_Canton\Pancit_Canton_image_50.jpg,10
C:\Users\Anjel\Downloads\Filipino_Dishes_Images\Kare-Kare\Kare-Kare_image_59.jpg,6
C:\Users\Anjel\Downloads\Filipino_Dishes_Images\Pancit_Canton\Pancit_Canton_image_7.jpg,10
C:\Users\Anjel\Downloads\Filipino_Dishes_Images\Halo-Halo\Halo-Halo_image_5.jpg,5
C:\Users\Anjel\Downloads\Filipino_Dishes_Images\Sisig\Sisig_image_48.jpg,13
C:\Users\Anjel\Downloads\Filipino_Dishes_Images\Lechon\Lechon_image_54.jpg,7
C:\Users\Anjel\Downloads\Filipino_Dishes_Images\Sisig\Sisig_image_36.jpg,13
C:\Users\Anjel\Downloads\Filipino_Dishes_Images\Halo-Halo\Halo-Halo_image_46.jpg,5
C:\Users\Anjel\Downloads\Filipino_Dishes_Images\Pancit_Canton\Pancit_Canton_image_29.jpg,10
C:\Users\Anjel\Downloads\Filipino_Dishes_Images\Chicharon_Bulaklak\Chicharon_Bulaklak_image_34.jpg,3
C:\Users\Anjel\Downloads\Filipino_Dishes_Images\Pancit_Malabon\Pancit_Malabon_image_60.jpg,11
C:\Users\Anjel\Downloads\Filipino_Dishes_Images\Pancit_Canton\Pancit_Canton_image_3.jpg,10
C:\Users\Anjel\Downloads\Filipino_Dishes_Images\Chicharon_Bulaklak\Chicharon_Bulaklak_image_18.jpg,3
C:\Users\Anjel\Downloads\Filipino_Dishes_Images\Adobo\Adobo_image_21.jpg,0
C:\Users\Anjel\Downloads\Filipino_Dishes_Images\Caldereta\Caldereta_image_15.jpg,2
C:\Users\Anjel\Downloads\Filipino_Dishes_Images\Pancit_Malabon\Pancit_Malabon_image_38.jpg,11
C:\Users\Anjel\Downloads\Filipino_Dishes_Images\Mechado\Mechado_image_29.jpg,8
C:\Users\Anjel\Downloads\Filipino_Dishes_Images\Pancit_Canton\Pancit_Canton_image_8.jpg,10
C:\Users\Anjel\Downloads\Filipino_Dishes_Images\Mechado\Mechado_image_9.jpg,8
C:\Users\Anjel\Downloads\Filipino_Dishes_Images\Afritada\Afritada_image_58.jpg,1
C:\Users\Anjel\Downloads\Filipino_Dishes_Images\Adobo\Adobo_image_76.jpg,0
C:\Users\Anjel\Downloads\Filipino_Dishes_Images\Pancit_Malabon\Pancit_Malabon_image_23.jpg,11
C:\Users\Anjel\Downloads\Filipino_Dishes_Images\Sisig\Sisig_image_13.jpg,13
C:\Users\Anjel\Downloads\Filipino_Dishes_Images\Halo-Halo\Halo-Halo_image_28.jpg,5
C:\Users\Anjel\Downloads\Filipino_Dishes_Images\Menudo\Menudo_image_1.jpg,9
C:\Users\Anjel\Downloads\Filipino_Dishes_Images\Sisig\Sisig_image_46.jpg,13
C:\Users\Anjel\Downloads\Filipino_Dishes_Images\Pancit_Malabon\Pancit_Malabon_image_20.jpg,11
C:\Users\Anjel\Downloads\Filipino_Dishes_Images\Afritada\Afritada_image_64.jpg,1
C:\Users\Anjel\Downloads\Filipino_Dishes_Images\Pancit_Malabon\Pancit_Malabon_image_19.jpg,11
C:\Users\Anjel\Downloads\Filipino_Dishes_Images\Halo-Halo\Halo-Halo_image_63.jpg,5
C:\Users\Anjel\Downloads\Filipino_Dishes_Images\Dinuguan\Dinuguan_image_26.jpg,4
C:\Users\Anjel\Downloads\Filipino_Dishes_Images\Caldereta\Caldereta_image_39.jpg,2
C:\Users\Anjel\Downloads\Filipino_Dishes_Images\Adobo\Adobo_image_67.jpg,0
C:\Users\Anjel\Downloads\Filipino_Dishes_Images\Kare-Kare\Kare-Kare_image_36.jpg,6
C:\Users\Anjel\Downloads\Filipino_Dishes_Images\Mechado\Mechado_image_3.jpg,8
C:\Users\Anjel\Downloads\Filipino_Dishes_Images\Lechon\Lechon_image_53.jpg,7
C:\Users\Anjel\Downloads\Filipino_Dishes_Images\Adobo\Adobo_image_32.jpg,0
C:\Users\Anjel\Downloads\Filipino_Dishes_Images\Pancit_Canton\Pancit_Canton_image_12.jpg,10
C:\Users\Anjel\Downloads\Filipino_Dishes_Images\Caldereta\Caldereta_image_48.jpg,2
C:\Users\Anjel\Downloads\Filipino_Dishes_Images\Afritada\Afritada_image_22.jpg,1
C:\Users\Anjel\Downloads\Filipino_Dishes_Images\Lechon\Lechon_image_31.jpg,7
C:\Users\Anjel\Downloads\Filipino_Dishes_Images\Adobo\Adobo_image_11.jpg,0
C:\Users\Anjel\Downloads\Filipino_Dishes_Images\Afritada\Afritada_image_39.jpg,1
C:\Users\Anjel\Downloads\Filipino_Dishes_Images\Adobo\Adobo_image_73.jpg,0
C:\Users\Anjel\Downloads\Filipino_Dishes_Images\Afritada\Afritada_image_48.jpg,1
C:\Users\Anjel\Downloads\Filipino_Dishes_Images\Halo-Halo\Halo-Halo_image_11.jpg,5
C:\Users\Anjel\Downloads\Filipino_Dishes_Images\Dinuguan\Dinuguan_image_10.jpg,4
C:\Users\Anjel\Downloads\Filipino_Dishes_Images\Caldereta\Caldereta_image_11.jpg,2
C:\Users\Anjel\Downloads\Filipino_Dishes_Images\Pancit_Canton\Pancit_Canton_image_34.jpg,10
C:\Users\Anjel\Downloads\Filipino_Dishes_Images\Caldereta\Caldereta_image_1.jpg,2
C:\Users\Anjel\Downloads\Filipino_Dishes_Images\Caldereta\Caldereta_image_31.jpg,2
C:\Users\Anjel\Downloads\Filipino_Dishes_Images\Menudo\Menudo_image_29.jpg,9
C:\Users\Anjel\Downloads\Filipino_Dishes_Images\Pancit_Malabon\Pancit_Malabon_image_35.jpg,11
C:\Users\Anjel\Downloads\Filipino_Dishes_Images\Caldereta\Caldereta_image_60.jpg,2
C:\Users\Anjel\Downloads\Filipino_Dishes_Images\Pancit_Canton\Pancit_Canton_image_49.jpg,10
C:\Users\Anjel\Downloads\Filipino_Dishes_Images\Sinigang\Sinigang_image_48.jpg,12
C:\Users\Anjel\Downloads\Filipino_Dishes_Images\Caldereta\Caldereta_image_36.jpg,2
C:\Users\Anjel\Downloads\Filipino_Dishes_Images\Mechado\Mechado_image_12.jpg,8
C:\Users\Anjel\Downloads\Filipino_Dishes_Images\Caldereta\Caldereta_image_7.jpg,2
C:\Users\Anjel\Downloads\Filipino_Dishes_Images\Caldereta\Caldereta_image_40.jpg,2
C:\Users\Anjel\Downloads\Filipino_Dishes_Images\Menudo\Menudo_image_7.jpg,9
C:\Users\Anjel\Downloads\Filipino_Dishes_Images\Sinigang\Sinigang_image_52.jpg,12
C:\Users\Anjel\Downloads\Filipino_Dishes_Images\Mechado\Mechado_image_40.jpg,8
C:\Users\Anjel\Downloads\Filipino_Dishes_Images\Adobo\Adobo_image_15.jpg,0
C:\Users\Anjel\Downloads\Filipino_Dishes_Images\Sisig\Sisig_image_51.jpg,13
C:\Users\Anjel\Downloads\Filipino_Dishes_Images\Halo-Halo\Halo-Halo_image_4.jpg,5
C:\Users\Anjel\Downloads\Filipino_Dishes_Images\Chicharon_Bulaklak\Chicharon_Bulaklak_image_44.jpg,3
C:\Users\Anjel\Downloads\Filipino_Dishes_Images\Caldereta\Caldereta_image_12.jpg,2
C:\Users\Anjel\Downloads\Filipino_Dishes_Images\Pancit_Canton\Pancit_Canton_image_64.jpg,10
C:\Users\Anjel\Downloads\Filipino_Dishes_Images\Chicharon_Bulaklak\Chicharon_Bulaklak_image_40.jpg,3
C:\Users\Anjel\Downloads\Filipino_Dishes_Images\Chicharon_Bulaklak\Chicharon_Bulaklak_image_26.jpg,3
C:\Users\Anjel\Downloads\Filipino_Dishes_Images\Pancit_Canton\Pancit_Canton_image_4.jpg,10
C:\Users\Anjel\Downloads\Filipino_Dishes_Images\Sisig\Sisig_image_53.jpg,13
C:\Users\Anjel\Downloads\Filipino_Dishes_Images\Adobo\Adobo_image_74.jpg,0
C:\Users\Anjel\Downloads\Filipino_Dishes_Images\Pancit_Canton\Pancit_Canton_image_62.jpg,10
C:\Users\Anjel\Downloads\Filipino_Dishes_Images\Dinuguan\Dinuguan_image_61.jpg,4
C:\Users\Anjel\Downloads\Filipino_Dishes_Images\Caldereta\Caldereta_image_52.jpg,2
C:\Users\Anjel\Downloads\Filipino_Dishes_Images\Menudo\Menudo_image_42.jpg,9
C:\Users\Anjel\Downloads\Filipino_Dishes_Images\Sinigang\Sinigang_image_21.jpg,12
C:\Users\Anjel\Downloads\Filipino_Dishes_Images\Adobo\Adobo_image_50.jpg,0
C:\Users\Anjel\Downloads\Filipino_Dishes_Images\Mechado\Mechado_image_58.jpg,8
C:\Users\Anjel\Downloads\Filipino_Dishes_Images\Menudo\Menudo_image_57.jpg,9
C:\Users\Anjel\Downloads\Filipino_Dishes_Images\Pancit_Canton\Pancit_Canton_image_38.jpg,10
C:\Users\Anjel\Downloads\Filipino_Dishes_Images\Kare-Kare\Kare-Kare_image_16.jpg,6
C:\Users\Anjel\Downloads\Filipino_Dishes_Images\Pancit_Malabon\Pancit_Malabon_image_36.jpg,11
C:\Users\Anjel\Downloads\Filipino_Dishes_Images\Menudo\Menudo_image_25.jpg,9
C:\Users\Anjel\Downloads\Filipino_Dishes_Images\Pancit_Canton\Pancit_Canton_image_36.jpg,10
C:\Users\Anjel\Downloads\Filipino_Dishes_Images\Pancit_Malabon\Pancit_Malabon_image_52.jpg,11
C:\Users\Anjel\Downloads\Filipino_Dishes_Images\Sinigang\Sinigang_image_29.jpg,12
C:\Users\Anjel\Downloads\Filipino_Dishes_Images\Sisig\Sisig_image_34.jpg,13
C:\Users\Anjel\Downloads\Filipino_Dishes_Images\Lechon\Lechon_image_62.jpg,7
C:\Users\Anjel\Downloads\Filipino_Dishes_Images\Dinuguan\Dinuguan_image_22.jpg,4
C:\Users\Anjel\Downloads\Filipino_Dishes_Images\Menudo\Menudo_image_52.jpg,9
C:\Users\Anjel\Downloads\Filipino_Dishes_Images\Mechado\Mechado_image_44.jpg,8
C:\Users\Anjel\Downloads\Filipino_Dishes_Images\Lechon\Lechon_image_56.jpg,7
C:\Users\Anjel\Downloads\Filipino_Dishes_Images\Sinigang\Sinigang_image_43.jpg,12
C:\Users\Anjel\Downloads\Filipino_Dishes_Images\Afritada\Afritada_image_12.jpg,1
C:\Users\Anjel\Downloads\Filipino_Dishes_Images\Sinigang\Sinigang_image_28.jpg,12
C:\Users\Anjel\Downloads\Filipino_Dishes_Images\Sisig\Sisig_image_22.jpg,13
C:\Users\Anjel\Downloads\Filipino_Dishes_Images\Mechado\Mechado_image_47.jpg,8
C:\Users\Anjel\Downloads\Filipino_Dishes_Images\Halo-Halo\Halo-Halo_image_34.jpg,5
C:\Users\Anjel\Downloads\Filipino_Dishes_Images\Menudo\Menudo_image_19.jpg,9
C:\Users\Anjel\Downloads\Filipino_Dishes_Images\Pancit_Canton\Pancit_Canton_image_33.jpg,10
C:\Users\Anjel\Downloads\Filipino_Dishes_Images\Pancit_Malabon\Pancit_Malabon_image_41.jpg,11
C:\Users\Anjel\Downloads\Filipino_Dishes_Images\Sinigang\Sinigang_image_65.jpg,12
C:\Users\Anjel\Downloads\Filipino_Dishes_Images\Dinuguan\Dinuguan_image_51.jpg,4
C:\Users\Anjel\Downloads\Filipino_Dishes_Images\Adobo\Adobo_image_25.jpg,0
C:\Users\Anjel\Downloads\Filipino_Dishes_Images\Adobo\Adobo_image_3.jpg,0
C:\Users\Anjel\Downloads\Filipino_Dishes_Images\Pancit_Canton\Pancit_Canton_image_23.jpg,10
C:\Users\Anjel\Downloads\Filipino_Dishes_Images\Afritada\Afritada_image_20.jpg,1
C:\Users\Anjel\Downloads\Filipino_Dishes_Images\Afritada\Afritada_image_33.jpg,1
C:\Users\Anjel\Downloads\Filipino_Dishes_Images\Dinuguan\Dinuguan_image_44.jpg,4
C:\Users\Anjel\Downloads\Filipino_Dishes_Images\Dinuguan\Dinuguan_image_38.jpg,4
C:\Users\Anjel\Downloads\Filipino_Dishes_Images\Halo-Halo\Halo-Halo_image_43.jpg,5
C:\Users\Anjel\Downloads\Filipino_Dishes_Images\Afritada\Afritada_image_26.jpg,1
C:\Users\Anjel\Downloads\Filipino_Dishes_Images\Menudo\Menudo_image_13.jpg,9
C:\Users\Anjel\Downloads\Filipino_Dishes_Images\Caldereta\Caldereta_image_49.jpg,2
C:\Users\Anjel\Downloads\Filipino_Dishes_Images\Dinuguan\Dinuguan_image_52.jpg,4
C:\Users\Anjel\Downloads\Filipino_Dishes_Images\Kare-Kare\Kare-Kare_image_14.jpg,6
C:\Users\Anjel\Downloads\Filipino_Dishes_Images\Sinigang\Sinigang_image_26.jpg,12
C:\Users\Anjel\Downloads\Filipino_Dishes_Images\Chicharon_Bulaklak\Chicharon_Bulaklak_image_29.jpg,3
C:\Users\Anjel\Downloads\Filipino_Dishes_Images\Pancit_Malabon\Pancit_Malabon_image_45.jpg,11
C:\Users\Anjel\Downloads\Filipino_Dishes_Images\Sisig\Sisig_image_39.jpg,13
C:\Users\Anjel\Downloads\Filipino_Dishes_Images\Pancit_Canton\Pancit_Canton_image_61.jpg,10
C:\Users\Anjel\Downloads\Filipino_Dishes_Images\Mechado\Mechado_image_39.jpg,8
C:\Users\Anjel\Downloads\Filipino_Dishes_Images\Sinigang\Sinigang_image_50.jpg,12
C:\Users\Anjel\Downloads\Filipino_Dishes_Images\Sinigang\Sinigang_image_20.jpg,12
C:\Users\Anjel\Downloads\Filipino_Dishes_Images\Caldereta\Caldereta_image_43.jpg,2
C:\Users\Anjel\Downloads\Filipino_Dishes_Images\Sisig\Sisig_image_7.jpg,13
C:\Users\Anjel\Downloads\Filipino_Dishes_Images\Sinigang\Sinigang_image_38.jpg,12
C:\Users\Anjel\Downloads\Filipino_Dishes_Images\Sinigang\Sinigang_image_66.jpg,12
C:\Users\Anjel\Downloads\Filipino_Dishes_Images\Lechon\Lechon_image_18.jpg,7
C:\Users\Anjel\Downloads\Filipino_Dishes_Images\Mechado\Mechado_image_43.jpg,8
C:\Users\Anjel\Downloads\Filipino_Dishes_Images\Caldereta\Caldereta_image_30.jpg,2
C:\Users\Anjel\Downloads\Filipino_Dishes_Images\Chicharon_Bulaklak\Chicharon_Bulaklak_image_54.jpg,3
C:\Users\Anjel\Downloads\Filipino_Dishes_Images\Sinigang\Sinigang_image_45.jpg,12
C:\Users\Anjel\Downloads\Filipino_Dishes_Images\Lechon\Lechon_image_22.jpg,7
C:\Users\Anjel\Downloads\Filipino_Dishes_Images\Pancit_Canton\Pancit_Canton_image_13.jpg,10
C:\Users\Anjel\Downloads\Filipino_Dishes_Images\Dinuguan\Dinuguan_image_59.jpg,4
C:\Users\Anjel\Downloads\Filipino_Dishes_Images\Halo-Halo\Halo-Halo_image_35.jpg,5
C:\Users\Anjel\Downloads\Filipino_Dishes_Images\Adobo\Adobo_image_16.jpg,0
C:\Users\Anjel\Downloads\Filipino_Dishes_Images\Adobo\Adobo_image_55.jpg,0
C:\Users\Anjel\Downloads\Filipino_Dishes_Images\Pancit_Malabon\Pancit_Malabon_image_42.jpg,11
C:\Users\Anjel\Downloads\Filipino_Dishes_Images\Kare-Kare\Kare-Kare_image_11.jpg,6
C:\Users\Anjel\Downloads\Filipino_Dishes_Images\Halo-Halo\Halo-Halo_image_13.jpg,5
C:\Users\Anjel\Downloads\Filipino_Dishes_Images\Adobo\Adobo_image_46.jpg,0
C:\Users\Anjel\Downloads\Filipino_Dishes_Images\Adobo\Adobo_image_56.jpg,0
C:\Users\Anjel\Downloads\Filipino_Dishes_Images\Halo-Halo\Halo-Halo_image_40.jpg,5
C:\Users\Anjel\Downloads\Filipino_Dishes_Images\Halo-Halo\Halo-Halo_image_59.jpg,5
C:\Users\Anjel\Downloads\Filipino_Dishes_Images\Halo-Halo\Halo-Halo_image_32.jpg,5
C:\Users\Anjel\Downloads\Filipino_Dishes_Images\Adobo\Adobo_image_34.jpg,0
C:\Users\Anjel\Downloads\Filipino_Dishes_Images\Pancit_Malabon\Pancit_Malabon_image_37.jpg,11
C:\Users\Anjel\Downloads\Filipino_Dishes_Images\Adobo\Adobo_image_31.jpg,0
C:\Users\Anjel\Downloads\Filipino_Dishes_Images\Dinuguan\Dinuguan_image_20.jpg,4
C:\Users\Anjel\Downloads\Filipino_Dishes_Images\Pancit_Canton\Pancit_Canton_image_60.jpg,10
C:\Users\Anjel\Downloads\Filipino_Dishes_Images\Lechon\Lechon_image_57.jpg,7
C:\Users\Anjel\Downloads\Filipino_Dishes_Images\Pancit_Canton\Pancit_Canton_image_6.jpg,10
C:\Users\Anjel\Downloads\Filipino_Dishes_Images\Sinigang\Sinigang_image_17.jpg,12
C:\Users\Anjel\Downloads\Filipino_Dishes_Images\Lechon\Lechon_image_47.jpg,7
C:\Users\Anjel\Downloads\Filipino_Dishes_Images\Sinigang\Sinigang_image_22.jpg,12
C:\Users\Anjel\Downloads\Filipino_Dishes_Images\Adobo\Adobo_image_36.jpg,0
C:\Users\Anjel\Downloads\Filipino_Dishes_Images\Menudo\Menudo_image_12.jpg,9
C:\Users\Anjel\Downloads\Filipino_Dishes_Images\Halo-Halo\Halo-Halo_image_19.jpg,5
C:\Users\Anjel\Downloads\Filipino_Dishes_Images\Pancit_Malabon\Pancit_Malabon_image_6.jpg,11
C:\Users\Anjel\Downloads\Filipino_Dishes_Images\Menudo\Menudo_image_44.jpg,9
C:\Users\Anjel\Downloads\Filipino_Dishes_Images\Menudo\Menudo_image_43.jpg,9
C:\Users\Anjel\Downloads\Filipino_Dishes_Images\Dinuguan\Dinuguan_image_13.jpg,4
C:\Users\Anjel\Downloads\Filipino_Dishes_Images\Caldereta\Caldereta_image_34.jpg,2
C:\Users\Anjel\Downloads\Filipino_Dishes_Images\Kare-Kare\Kare-Kare_image_25.jpg,6
C:\Users\Anjel\Downloads\Filipino_Dishes_Images\Lechon\Lechon_image_13.jpg,7
C:\Users\Anjel\Downloads\Filipino_Dishes_Images\Kare-Kare\Kare-Kare_image_4.jpg,6
C:\Users\Anjel\Downloads\Filipino_Dishes_Images\Lechon\Lechon_image_42.jpg,7
C:\Users\Anjel\Downloads\Filipino_Dishes_Images\Adobo\Adobo_image_42.jpg,0
C:\Users\Anjel\Downloads\Filipino_Dishes_Images\Halo-Halo\Halo-Halo_image_49.jpg,5
C:\Users\Anjel\Downloads\Filipino_Dishes_Images\Caldereta\Caldereta_image_45.jpg,2
C:\Users\Anjel\Downloads\Filipino_Dishes_Images\Mechado\Mechado_image_5.jpg,8
C:\Users\Anjel\Downloads\Filipino_Dishes_Images\Halo-Halo\Halo-Halo_image_39.jpg,5
C:\Users\Anjel\Downloads\Filipino_Dishes_Images\Sinigang\Sinigang_image_58.jpg,12
C:\Users\Anjel\Downloads\Filipino_Dishes_Images\Lechon\Lechon_image_19.jpg,7
C:\Users\Anjel\Downloads\Filipino_Dishes_Images\Sinigang\Sinigang_image_68.jpg,12
C:\Users\Anjel\Downloads\Filipino_Dishes_Images\Caldereta\Caldereta_image_44.jpg,2
C:\Users\Anjel\Downloads\Filipino_Dishes_Images\Halo-Halo\Halo-Halo_image_18.jpg,5
C:\Users\Anjel\Downloads\Filipino_Dishes_Images\Sisig\Sisig_image_17.jpg,13
C:\Users\Anjel\Downloads\Filipino_Dishes_Images\Kare-Kare\Kare-Kare_image_32.jpg,6
C:\Users\Anjel\Downloads\Filipino_Dishes_Images\Sisig\Sisig_image_24.jpg,13
C:\Users\Anjel\Downloads\Filipino_Dishes_Images\Halo-Halo\Halo-Halo_image_6.jpg,5
C:\Users\Anjel\Downloads\Filipino_Dishes_Images\Afritada\Afritada_image_5.jpg,1
C:\Users\Anjel\Downloads\Filipino_Dishes_Images\Pancit_Malabon\Pancit_Malabon_image_11.jpg,11
C:\Users\Anjel\Downloads\Filipino_Dishes_Images\Dinuguan\Dinuguan_image_19.jpg,4
C:\Users\Anjel\Downloads\Filipino_Dishes_Images\Sinigang\Sinigang_image_25.jpg,12
C:\Users\Anjel\Downloads\Filipino_Dishes_Images\Menudo\Menudo_image_16.jpg,9
C:\Users\Anjel\Downloads\Filipino_Dishes_Images\Menudo\Menudo_image_4.jpg,9
C:\Users\Anjel\Downloads\Filipino_Dishes_Images\Pancit_Malabon\Pancit_Malabon_image_16.jpg,11
C:\Users\Anjel\Downloads\Filipino_Dishes_Images\Afritada\Afritada_image_4.jpg,1
C:\Users\Anjel\Downloads\Filipino_Dishes_Images\Pancit_Malabon\Pancit_Malabon_image_18.jpg,11
C:\Users\Anjel\Downloads\Filipino_Dishes_Images\Pancit_Canton\Pancit_Canton_image_30.jpg,10
C:\Users\Anjel\Downloads\Filipino_Dishes_Images\Pancit_Canton\Pancit_Canton_image_48.jpg,10
C:\Users\Anjel\Downloads\Filipino_Dishes_Images\Mechado\Mechado_image_51.jpg,8
C:\Users\Anjel\Downloads\Filipino_Dishes_Images\Halo-Halo\Halo-Halo_image_16.jpg,5
C:\Users\Anjel\Downloads\Filipino_Dishes_Images\Chicharon_Bulaklak\Chicharon_Bulaklak_image_28.jpg,3
C:\Users\Anjel\Downloads\Filipino_Dishes_Images\Caldereta\Caldereta_image_46.jpg,2
C:\Users\Anjel\Downloads\Filipino_Dishes_Images\Afritada\Afritada_image_37.jpg,1
C:\Users\Anjel\Downloads\Filipino_Dishes_Images\Pancit_Canton\Pancit_Canton_image_17.jpg,10
C:\Users\Anjel\Downloads\Filipino_Dishes_Images\Dinuguan\Dinuguan_image_8.jpg,4
C:\Users\Anjel\Downloads\Filipino_Dishes_Images\Sinigang\Sinigang_image_2.jpg,12
C:\Users\Anjel\Downloads\Filipino_Dishes_Images\Menudo\Menudo_image_10.jpg,9
C:\Users\Anjel\Downloads\Filipino_Dishes_Images\Chicharon_Bulaklak\Chicharon_Bulaklak_image_55.jpg,3
C:\Users\Anjel\Downloads\Filipino_Dishes_Images\Menudo\Menudo_image_23.jpg,9
C:\Users\Anjel\Downloads\Filipino_Dishes_Images\Dinuguan\Dinuguan_image_40.jpg,4
C:\Users\Anjel\Downloads\Filipino_Dishes_Images\Chicharon_Bulaklak\Chicharon_Bulaklak_image_27.jpg,3
C:\Users\Anjel\Downloads\Filipino_Dishes_Images\Sisig\Sisig_image_8.jpg,13
C:\Users\Anjel\Downloads\Filipino_Dishes_Images\Pancit_Canton\Pancit_Canton_image_20.jpg,10
C:\Users\Anjel\Downloads\Filipino_Dishes_Images\Pancit_Canton\Pancit_Canton_image_55.jpg,10
C:\Users\Anjel\Downloads\Filipino_Dishes_Images\Pancit_Malabon\Pancit_Malabon_image_61.jpg,11
C:\Users\Anjel\Downloads\Filipino_Dishes_Images\Dinuguan\Dinuguan_image_24.jpg,4
C:\Users\Anjel\Downloads\Filipino_Dishes_Images\Halo-Halo\Halo-Halo_image_54.jpg,5
C:\Users\Anjel\Downloads\Filipino_Dishes_Images\Pancit_Malabon\Pancit_Malabon_image_24.jpg,11
C:\Users\Anjel\Downloads\Filipino_Dishes_Images\Lechon\Lechon_image_36.jpg,7
C:\Users\Anjel\Downloads\Filipino_Dishes_Images\Pancit_Malabon\Pancit_Malabon_image_51.jpg,11
C:\Users\Anjel\Downloads\Filipino_Dishes_Images\Chicharon_Bulaklak\Chicharon_Bulaklak_image_9.jpg,3
C:\Users\Anjel\Downloads\Filipino_Dishes_Images\Pancit_Canton\Pancit_Canton_image_20.jpg,10
C:\Users\Anjel\Downloads\Filipino_Dishes_Images\Mechado\Mechado_image_60.jpg,8
C:\Users\Anjel\Downloads\Filipino_Dishes_Images\Mechado\Mechado_image_6.jpg,8
C:\Users\Anjel\Downloads\Filipino_Dishes_Images\Chicharon_Bulaklak\Chicharon_Bulaklak_image_43.jpg,3
C:\Users\Anjel\Downloads\Filipino_Dishes_Images\Adobo\Adobo_image_35.jpg,0
C:\Users\Anjel\Downloads\Filipino_Dishes_Images\Sinigang\Sinigang_image_23.jpg,12
C:\Users\Anjel\Downloads\Filipino_Dishes_Images\Pancit_Malabon\Pancit_Malabon_image_31.jpg,11
C:\Users\Anjel\Downloads\Filipino_Dishes_Images\Adobo\Adobo_image_10.jpg,0
C:\Users\Anjel\Downloads\Filipino_Dishes_Images\Sinigang\Sinigang_image_33.jpg,12
C:\Users\Anjel\Downloads\Filipino_Dishes_Images\Afritada\Afritada_image_32.jpg,1
C:\Users\Anjel\Downloads\Filipino_Dishes_Images\Lechon\Lechon_image_58.jpg,7
C:\Users\Anjel\Downloads\Filipino_Dishes_Images\Halo-Halo\Halo-Halo_image_57.jpg,5
C:\Users\Anjel\Downloads\Filipino_Dishes_Images\Caldereta\Caldereta_image_20.jpg,2
C:\Users\Anjel\Downloads\Filipino_Dishes_Images\Adobo\Adobo_image_17.jpg,0
C:\Users\Anjel\Downloads\Filipino_Dishes_Images\Pancit_Canton\Pancit_Canton_image_5.jpg,10
C:\Users\Anjel\Downloads\Filipino_Dishes_Images\Mechado\Mechado_image_7.jpg,8
C:\Users\Anjel\Downloads\Filipino_Dishes_Images\Caldereta\Caldereta_image_55.jpg,2
C:\Users\Anjel\Downloads\Filipino_Dishes_Images\Afritada\Afritada_image_19.jpg,1
C:\Users\Anjel\Downloads\Filipino_Dishes_Images\Chicharon_Bulaklak\Chicharon_Bulaklak_image_42.jpg,3
C:\Users\Anjel\Downloads\Filipino_Dishes_Images\Mechado\Mechado_image_48.jpg,8
C:\Users\Anjel\Downloads\Filipino_Dishes_Images\Adobo\Adobo_image_59.jpg,0
C:\Users\Anjel\Downloads\Filipino_Dishes_Images\Kare-Kare\Kare-Kare_image_19.jpg,6
C:\Users\Anjel\Downloads\Filipino_Dishes_Images\Pancit_Malabon\Pancit_Malabon_image_5.jpg,11
C:\Users\Anjel\Downloads\Filipino_Dishes_Images\Pancit_Malabon\Pancit_Malabon_image_26.jpg,11
C:\Users\Anjel\Downloads\Filipino_Dishes_Images\Sisig\Sisig_image_31.jpg,13
C:\Users\Anjel\Downloads\Filipino_Dishes_Images\Adobo\Adobo_image_68.jpg,0
C:\Users\Anjel\Downloads\Filipino_Dishes_Images\Adobo\Adobo_image_58.jpg,0
C:\Users\Anjel\Downloads\Filipino_Dishes_Images\Mechado\Mechado_image_34.jpg,8
C:\Users\Anjel\Downloads\Filipino_Dishes_Images\Sisig\Sisig_image_33.jpg,13
C:\Users\Anjel\Downloads\Filipino_Dishes_Images\Menudo\Menudo_image_59.jpg,9
C:\Users\Anjel\Downloads\Filipino_Dishes_Images\Pancit_Canton\Pancit_Canton_image_39.jpg,10
C:\Users\Anjel\Downloads\Filipino_Dishes_Images\Lechon\Lechon_image_48.jpg,7
C:\Users\Anjel\Downloads\Filipino_Dishes_Images\Dinuguan\Dinuguan_image_53.jpg,4
C:\Users\Anjel\Downloads\Filipino_Dishes_Images\Afritada\Afritada_image_16.jpg,1
C:\Users\Anjel\Downloads\Filipino_Dishes_Images\Menudo\Menudo_image_47.jpg,9
C:\Users\Anjel\Downloads\Filipino_Dishes_Images\Dinuguan\Dinuguan_image_33.jpg,4
C:\Users\Anjel\Downloads\Filipino_Dishes_Images\Caldereta\Caldereta_image_62.jpg,2
C:\Users\Anjel\Downloads\test_food\cake.jpg,14
C:\Users\Anjel\Downloads\Filipino_Dishes_Images\Pancit_Canton\Pancit_Canton_image_45.jpg,10
C:\Users\Anjel\Downloads\Filipino_Dishes_Images\Pancit_Canton\Pancit_Canton_image_9.jpg,10
C:\Users\Anjel\Downloads\Filipino_Dishes_Images\Afritada\Afritada_image_11.jpg,1
C:\Users\Anjel\Downloads\Filipino_Dishes_Images\Mechado\Mechado_image_4.jpg,8
C:\Users\Anjel\Downloads\Filipino_Dishes_Images\Sisig\Sisig_image_16.jpg,13
C:\Users\Anjel\Downloads\Filipino_Dishes_Images\Afritada\Afritada_image_52.jpg,1
C:\Users\Anjel\Downloads\Filipino_Dishes_Images\Dinuguan\Dinuguan_image_25.jpg,4
C:\Users\Anjel\Downloads\Filipino_Dishes_Images\Pancit_Canton\Pancit_Canton_image_39.jpg,10
C:\Users\Anjel\Downloads\Filipino_Dishes_Images\Caldereta\Caldereta_image_16.jpg,2
C:\Users\Anjel\Downloads\Filipino_Dishes_Images\Adobo\Adobo_image_66.jpg,0
C:\Users\Anjel\Downloads\Filipino_Dishes_Images\Pancit_Canton\Pancit_Canton_image_58.jpg,10
C:\Users\Anjel\Downloads\Filipino_Dishes_Images\Menudo\Menudo_image_51.jpg,9
C:\Users\Anjel\Downloads\Filipino_Dishes_Images\Dinuguan\Dinuguan_image_37.jpg,4
C:\Users\Anjel\Downloads\Filipino_Dishes_Images\Lechon\Lechon_image_63.jpg,7
C:\Users\Anjel\Downloads\Filipino_Dishes_Images\Caldereta\Caldereta_image_9.jpg,2
C:\Users\Anjel\Downloads\Filipino_Dishes_Images\Mechado\Mechado_image_31.jpg,8
C:\Users\Anjel\Downloads\Filipino_Dishes_Images\Halo-Halo\Halo-Halo_image_22.jpg,5
C:\Users\Anjel\Downloads\Filipino_Dishes_Images\Sinigang\Sinigang_image_36.jpg,12
C:\Users\Anjel\Downloads\Filipino_Dishes_Images\Dinuguan\Dinuguan_image_4.jpg,4
C:\Users\Anjel\Downloads\Filipino_Dishes_Images\Menudo\Menudo_image_20.jpg,9
C:\Users\Anjel\Downloads\Filipino_Dishes_Images\Kare-Kare\Kare-Kare_image_10.jpg,6
C:\Users\Anjel\Downloads\Filipino_Dishes_Images\Lechon\Lechon_image_21.jpg,7
C:\Users\Anjel\Downloads\Filipino_Dishes_Images\Kare-Kare\Kare-Kare_image_52.jpg,6
C:\Users\Anjel\Downloads\Filipino_Dishes_Images\Halo-Halo\Halo-Halo_image_30.jpg,5
C:\Users\Anjel\Downloads\Filipino_Dishes_Images\Pancit_Malabon\Pancit_Malabon_image_30.jpg,11
C:\Users\Anjel\Downloads\Filipino_Dishes_Images\Sinigang\Sinigang_image_31.jpg,12
C:\Users\Anjel\Downloads\Filipino_Dishes_Images\Menudo\Menudo_image_39.jpg,9
C:\Users\Anjel\Downloads\Filipino_Dishes_Images\Caldereta\Caldereta_image_42.jpg,2
C:\Users\Anjel\Downloads\Filipino_Dishes_Images\Chicharon_Bulaklak\Chicharon_Bulaklak_image_51.jpg,3
C:\Users\Anjel\Downloads\Filipino_Dishes_Images\Kare-Kare\Kare-Kare_image_29.jpg,6
C:\Users\Anjel\Downloads\Filipino_Dishes_Images\Pancit_Canton\Pancit_Canton_image_69.jpg,10
C:\Users\Anjel\Downloads\Filipino_Dishes_Images\Kare-Kare\Kare-Kare_image_46.jpg,6
C:\Users\Anjel\Downloads\Filipino_Dishes_Images\Kare-Kare\Kare-Kare_image_58.jpg,6
C:\Users\Anjel\Downloads\Filipino_Dishes_Images\Caldereta\Caldereta_image_21.jpg,2
C:\Users\Anjel\Downloads\Filipino_Dishes_Images\Afritada\Afritada_image_35.jpg,1
C:\Users\Anjel\Downloads\Filipino_Dishes_Images\Sinigang\Sinigang_image_14.jpg,12
C:\Users\Anjel\Downloads\Filipino_Dishes_Images\Pancit_Malabon\Pancit_Malabon_image_62.jpg,11
C:\Users\Anjel\Downloads\Filipino_Dishes_Images\Pancit_Canton\Pancit_Canton_image_15.jpg,10
C:\Users\Anjel\Downloads\Filipino_Dishes_Images\Menudo\Menudo_image_18.jpg,9
C:\Users\Anjel\Downloads\Filipino_Dishes_Images\Adobo\Adobo_image_69.jpg,0
C:\Users\Anjel\Downloads\Filipino_Dishes_Images\Dinuguan\Dinuguan_image_6.jpg,4
C:\Users\Anjel\Downloads\Filipino_Dishes_Images\Afritada\Afritada_image_3.jpg,1
C:\Users\Anjel\Downloads\Filipino_Dishes_Images\Sinigang\Sinigang_image_67.jpg,12
C:\Users\Anjel\Downloads\Filipino_Dishes_Images\Pancit_Canton\Pancit_Canton_image_37.jpg,10
C:\Users\Anjel\Downloads\Filipino_Dishes_Images\Caldereta\Caldereta_image_57.jpg,2
C:\Users\Anjel\Downloads\Filipino_Dishes_Images\Adobo\Adobo_image_57.jpg,0
C:\Users\Anjel\Downloads\Filipino_Dishes_Images\Sinigang\Sinigang_image_27.jpg,12
C:\Users\Anjel\Downloads\Filipino_Dishes_Images\Caldereta\Caldereta_image_47.jpg,2
C:\Users\Anjel\Downloads\Filipino_Dishes_Images\Afritada\Afritada_image_49.jpg,1
C:\Users\Anjel\Downloads\Filipino_Dishes_Images\Pancit_Canton\Pancit_Canton_image_31.jpg,10
C:\Users\Anjel\Downloads\Filipino_Dishes_Images\Sisig\Sisig_image_52.jpg,13
C:\Users\Anjel\Downloads\Filipino_Dishes_Images\Pancit_Canton\Pancit_Canton_image_28.jpg,10
C:\Users\Anjel\Downloads\Filipino_Dishes_Images\Pancit_Canton\Pancit_Canton_image_51.jpg,10
C:\Users\Anjel\Downloads\Filipino_Dishes_Images\Sisig\Sisig_image_44.jpg,13
C:\Users\Anjel\Downloads\Filipino_Dishes_Images\Pancit_Malabon\Pancit_Malabon_image_10.jpg,11
C:\Users\Anjel\Downloads\Filipino_Dishes_Images\Pancit_Canton\Pancit_Canton_image_56.jpg,10
C:\Users\Anjel\Downloads\Filipino_Dishes_Images\Menudo\Menudo_image_46.jpg,9
C:\Users\Anjel\Downloads\Filipino_Dishes_Images\Lechon\Lechon_image_45.jpg,7
C:\Users\Anjel\Downloads\Filipino_Dishes_Images\Caldereta\Caldereta_image_24.jpg,2
C:\Users\Anjel\Downloads\Filipino_Dishes_Images\Pancit_Canton\Pancit_Canton_image_16.jpg,10
C:\Users\Anjel\Downloads\Filipino_Dishes_Images\Caldereta\Caldereta_image_38.jpg,2
C:\Users\Anjel\Downloads\Filipino_Dishes_Images\Menudo\Menudo_image_17.jpg,9
C:\Users\Anjel\Downloads\Filipino_Dishes_Images\Pancit_Malabon\Pancit_Malabon_image_4.jpg,11
C:\Users\Anjel\Downloads\Filipino_Dishes_Images\Menudo\Menudo_image_49.jpg,9
C:\Users\Anjel\Downloads\Filipino_Dishes_Images\Pancit_Canton\Pancit_Canton_image_43.jpg,10
C:\Users\Anjel\Downloads\Filipino_Dishes_Images\Kare-Kare\Kare-Kare_image_41.jpg,6
C:\Users\Anjel\Downloads\Filipino_Dishes_Images\Pancit_Malabon\Pancit_Malabon_image_8.jpg,11
C:\Users\Anjel\Downloads\Filipino_Dishes_Images\Sisig\Sisig_image_26.jpg,13
C:\Users\Anjel\Downloads\Filipino_Dishes_Images\Mechado\Mechado_image_41.jpg,8
C:\Users\Anjel\Downloads\Filipino_Dishes_Images\Afritada\Afritada_image_31.jpg,1
C:\Users\Anjel\Downloads\Filipino_Dishes_Images\Sisig\Sisig_image_58.jpg,13
C:\Users\Anjel\Downloads\Filipino_Dishes_Images\Pancit_Canton\Pancit_Canton_image_53.jpg,10
C:\Users\Anjel\Downloads\Filipino_Dishes_Images\Chicharon_Bulaklak\Chicharon_Bulaklak_image_31.jpg,3
C:\Users\Anjel\Downloads\Filipino_Dishes_Images\Menudo\Menudo_image_27.jpg,9
C:\Users\Anjel\Downloads\Filipino_Dishes_Images\Pancit_Canton\Pancit_Canton_image_54.jpg,10
C:\Users\Anjel\Downloads\Filipino_Dishes_Images\Halo-Halo\Halo-Halo_image_60.jpg,5
C:\Users\Anjel\Downloads\Filipino_Dishes_Images\Pancit_Canton\Pancit_Canton_image_24.jpg,10
C:\Users\Anjel\Downloads\Filipino_Dishes_Images\Dinuguan\Dinuguan_image_48.jpg,4
C:\Users\Anjel\Downloads\Filipino_Dishes_Images\Chicharon_Bulaklak\Chicharon_Bulaklak_image_35.jpg,3
C:\Users\Anjel\Downloads\Filipino_Dishes_Images\Menudo\Menudo_image_38.jpg,9
C:\Users\Anjel\Downloads\Filipino_Dishes_Images\Pancit_Canton\Pancit_Canton_image_38.jpg,10
C:\Users\Anjel\Downloads\Filipino_Dishes_Images\Dinuguan\Dinuguan_image_58.jpg,4
C:\Users\Anjel\Downloads\Filipino_Dishes_Images\Mechado\Mechado_image_30.jpg,8
C:\Users\Anjel\Downloads\Filipino_Dishes_Images\Pancit_Canton\Pancit_Canton_image_40.jpg,10
C:\Users\Anjel\Downloads\Filipino_Dishes_Images\Lechon\Lechon_image_46.jpg,7
C:\Users\Anjel\Downloads\Filipino_Dishes_Images\Lechon\Lechon_image_37.jpg,7
C:\Users\Anjel\Downloads\Filipino_Dishes_Images\Caldereta\Caldereta_image_61.jpg,2
C:\Users\Anjel\Downloads\Filipino_Dishes_Images\Kare-Kare\Kare-Kare_image_54.jpg,6
C:\Users\Anjel\Downloads\Filipino_Dishes_Images\Lechon\Lechon_image_2.jpg,7
C:\Users\Anjel\Downloads\Filipino_Dishes_Images\Mechado\Mechado_image_64.jpg,8
C:\Users\Anjel\Downloads\Filipino_Dishes_Images\Pancit_Canton\Pancit_Canton_image_42.jpg,10
C:\Users\Anjel\Downloads\Filipino_Dishes_Images\Kare-Kare\Kare-Kare_image_31.jpg,6
C:\Users\Anjel\Downloads\Filipino_Dishes_Images\Sinigang\Sinigang_image_11.jpg,12
C:\Users\Anjel\Downloads\Filipino_Dishes_Images\Pancit_Canton\Pancit_Canton_image_41.jpg,10
C:\Users\Anjel\Downloads\Filipino_Dishes_Images\Caldereta\Caldereta_image_29.jpg,2
C:\Users\Anjel\Downloads\Filipino_Dishes_Images\Sisig\Sisig_image_42.jpg,13
C:\Users\Anjel\Downloads\Filipino_Dishes_Images\Caldereta\Caldereta_image_19.jpg,2
C:\Users\Anjel\Downloads\Filipino_Dishes_Images\Sisig\Sisig_image_21.jpg,13
C:\Users\Anjel\Downloads\Filipino_Dishes_Images\Pancit_Canton\Pancit_Canton_image_51.jpg,10
C:\Users\Anjel\Downloads\Filipino_Dishes_Images\Pancit_Canton\Pancit_Canton_image_27.jpg,10
C:\Users\Anjel\Downloads\Filipino_Dishes_Images\Adobo\Adobo_image_53.jpg,0
C:\Users\Anjel\Downloads\Filipino_Dishes_Images\Chicharon_Bulaklak\Chicharon_Bulaklak_image_32.jpg,3
C:\Users\Anjel\Downloads\Filipino_Dishes_Images\Sisig\Sisig_image_28.jpg,13
C:\Users\Anjel\Downloads\Filipino_Dishes_Images\Adobo\Adobo_image_45.jpg,0
C:\Users\Anjel\Downloads\Filipino_Dishes_Images\Halo-Halo\Halo-Halo_image_44.jpg,5
C:\Users\Anjel\Downloads\Filipino_Dishes_Images\Halo-Halo\Halo-Halo_image_42.jpg,5
C:\Users\Anjel\Downloads\Filipino_Dishes_Images\Pancit_Canton\Pancit_Canton_image_22.jpg,10
C:\Users\Anjel\Downloads\Filipino_Dishes_Images\Sinigang\Sinigang_image_18.jpg,12
C:\Users\Anjel\Downloads\Filipino_Dishes_Images\Pancit_Canton\Pancit_Canton_image_52.jpg,10
C:\Users\Anjel\Downloads\Filipino_Dishes_Images\Adobo\Adobo_image_61.jpg,0
C:\Users\Anjel\Downloads\Filipino_Dishes_Images\Menudo\Menudo_image_54.jpg,9
C:\Users\Anjel\Downloads\Filipino_Dishes_Images\Caldereta\Caldereta_image_18.jpg,2
C:\Users\Anjel\Downloads\Filipino_Dishes_Images\Halo-Halo\Halo-Halo_image_26.jpg,5
C:\Users\Anjel\Downloads\Filipino_Dishes_Images\Pancit_Canton\Pancit_Canton_image_18.jpg,10
C:\Users\Anjel\Downloads\Filipino_Dishes_Images\Chicharon_Bulaklak\Chicharon_Bulaklak_image_13.jpg,3
C:\Users\Anjel\Downloads\Filipino_Dishes_Images\Kare-Kare\Kare-Kare_image_44.jpg,6
C:\Users\Anjel\Downloads\Filipino_Dishes_Images\Pancit_Canton\Pancit_Canton_image_34.jpg,10
C:\Users\Anjel\Downloads\Filipino_Dishes_Images\Menudo\Menudo_image_9.jpg,9
C:\Users\Anjel\Downloads\Filipino_Dishes_Images\Kare-Kare\Kare-Kare_image_8.jpg,6
C:\Users\Anjel\Downloads\Filipino_Dishes_Images\Menudo\Menudo_image_37.jpg,9
C:\Users\Anjel\Downloads\Filipino_Dishes_Images\Mechado\Mechado_image_13.jpg,8
C:\Users\Anjel\Downloads\Filipino_Dishes_Images\Sisig\Sisig_image_15.jpg,13
C:\Users\Anjel\Downloads\Filipino_Dishes_Images\Chicharon_Bulaklak\Chicharon_Bulaklak_image_59.jpg,3
C:\Users\Anjel\Downloads\Filipino_Dishes_Images\Afritada\Afritada_image_51.jpg,1
C:\Users\Anjel\Downloads\Filipino_Dishes_Images\Lechon\Lechon_image_27.jpg,7
C:\Users\Anjel\Downloads\Filipino_Dishes_Images\Sinigang\Sinigang_image_3.jpg,12
C:\Users\Anjel\Downloads\Filipino_Dishes_Images\Sinigang\Sinigang_image_55.jpg,12
C:\Users\Anjel\Downloads\Filipino_Dishes_Images\Sisig\Sisig_image_49.jpg,13
C:\Users\Anjel\Downloads\Filipino_Dishes_Images\Sisig\Sisig_image_59.jpg,13
C:\Users\Anjel\Downloads\Filipino_Dishes_Images\Afritada\Afritada_image_10.jpg,1
C:\Users\Anjel\Downloads\Filipino_Dishes_Images\Sinigang\Sinigang_image_42.jpg,12
C:\Users\Anjel\Downloads\Filipino_Dishes_Images\Afritada\Afritada_image_45.jpg,1
C:\Users\Anjel\Downloads\Filipino_Dishes_Images\Halo-Halo\Halo-Halo_image_37.jpg,5
C:\Users\Anjel\Downloads\Filipino_Dishes_Images\Caldereta\Caldereta_image_17.jpg,2
C:\Users\Anjel\Downloads\Filipino_Dishes_Images\Pancit_Canton\Pancit_Canton_image_60.jpg,10
C:\Users\Anjel\Downloads\Filipino_Dishes_Images\Sisig\Sisig_image_4.jpg,13
C:\Users\Anjel\Downloads\Filipino_Dishes_Images\Lechon\Lechon_image_25.jpg,7
C:\Users\Anjel\Downloads\Filipino_Dishes_Images\Pancit_Malabon\Pancit_Malabon_image_43.jpg,11
C:\Users\Anjel\Downloads\Filipino_Dishes_Images\Pancit_Canton\Pancit_Canton_image_63.jpg,10
C:\Users\Anjel\Downloads\Filipino_Dishes_Images\Mechado\Mechado_image_49.jpg,8
C:\Users\Anjel\Downloads\Filipino_Dishes_Images\Caldereta\Caldereta_image_14.jpg,2
C:\Users\Anjel\Downloads\Filipino_Dishes_Images\Caldereta\Caldereta_image_13.jpg,2
C:\Users\Anjel\Downloads\Filipino_Dishes_Images\Sisig\Sisig_image_60.jpg,13
C:\Users\Anjel\Downloads\Filipino_Dishes_Images\Pancit_Canton\Pancit_Canton_image_4.jpg,10
C:\Users\Anjel\Downloads\Filipino_Dishes_Images\Pancit_Canton\Pancit_Canton_image_12.jpg,10
C:\Users\Anjel\Downloads\Filipino_Dishes_Images\Sisig\Sisig_image_23.jpg,13
C:\Users\Anjel\Downloads\Filipino_Dishes_Images\Dinuguan\Dinuguan_image_32.jpg,4
C:\Users\Anjel\Downloads\Filipino_Dishes_Images\Mechado\Mechado_image_24.jpg,8
C:\Users\Anjel\Downloads\Filipino_Dishes_Images\Dinuguan\Dinuguan_image_9.jpg,4
C:\Users\Anjel\Downloads\Filipino_Dishes_Images\Caldereta\Caldereta_image_53.jpg,2
C:\Users\Anjel\Downloads\Filipino_Dishes_Images\Adobo\Adobo_image_65.jpg,0
C:\Users\Anjel\Downloads\Filipino_Dishes_Images\Kare-Kare\Kare-Kare_image_53.jpg,6
C:\Users\Anjel\Downloads\Filipino_Dishes_Images\Sinigang\Sinigang_image_40.jpg,12
C:\Users\Anjel\Downloads\Filipino_Dishes_Images\Caldereta\Caldereta_image_10.jpg,2
C:\Users\Anjel\Downloads\Filipino_Dishes_Images\Pancit_Canton\Pancit_Canton_image_31.jpg,10
C:\Users\Anjel\Downloads\Filipino_Dishes_Images\Chicharon_Bulaklak\Chicharon_Bulaklak_image_3.jpg,3
C:\Users\Anjel\Downloads\Filipino_Dishes_Images\Sinigang\Sinigang_image_41.jpg,12
C:\Users\Anjel\Downloads\Filipino_Dishes_Images\Afritada\Afritada_image_27.jpg,1
C:\Users\Anjel\Downloads\Filipino_Dishes_Images\Afritada\Afritada_image_41.jpg,1
C:\Users\Anjel\Downloads\Filipino_Dishes_Images\Halo-Halo\Halo-Halo_image_23.jpg,5
C:\Users\Anjel\Downloads\Filipino_Dishes_Images\Adobo\Adobo_image_64.jpg,0
C:\Users\Anjel\Downloads\Filipino_Dishes_Images\Caldereta\Caldereta_image_50.jpg,2
C:\Users\Anjel\Downloads\Filipino_Dishes_Images\Chicharon_Bulaklak\Chicharon_Bulaklak_image_8.jpg,3
C:\Users\Anjel\Downloads\Filipino_Dishes_Images\Halo-Halo\Halo-Halo_image_61.jpg,5
C:\Users\Anjel\Downloads\Filipino_Dishes_Images\Chicharon_Bulaklak\Chicharon_Bulaklak_image_52.jpg,3
C:\Users\Anjel\Downloads\Filipino_Dishes_Images\Halo-Halo\Halo-Halo_image_38.jpg,5
C:\Users\Anjel\Downloads\Filipino_Dishes_Images\Kare-Kare\Kare-Kare_image_40.jpg,6
C:\Users\Anjel\Downloads\Filipino_Dishes_Images\Pancit_Canton\Pancit_Canton_image_40.jpg,10
C:\Users\Anjel\Downloads\Filipino_Dishes_Images\Pancit_Canton\Pancit_Canton_image_35.jpg,10
C:\Users\Anjel\Downloads\Filipino_Dishes_Images\Adobo\Adobo_image_71.jpg,0
C:\Users\Anjel\Downloads\Filipino_Dishes_Images\Sinigang\Sinigang_image_69.jpg,12
C:\Users\Anjel\Downloads\Filipino_Dishes_Images\Halo-Halo\Halo-Halo_image_25.jpg,5
C:\Users\Anjel\Downloads\Filipino_Dishes_Images\Pancit_Canton\Pancit_Canton_image_56.jpg,10
C:\Users\Anjel\Downloads\Filipino_Dishes_Images\Pancit_Canton\Pancit_Canton_image_42.jpg,10
C:\Users\Anjel\Downloads\Filipino_Dishes_Images\Lechon\Lechon_image_49.jpg,7
C:\Users\Anjel\Downloads\Filipino_Dishes_Images\Chicharon_Bulaklak\Chicharon_Bulaklak_image_25.jpg,3
C:\Users\Anjel\Downloads\Filipino_Dishes_Images\Sisig\Sisig_image_5.jpg,13
C:\Users\Anjel\Downloads\Filipino_Dishes_Images\Lechon\Lechon_image_51.jpg,7
C:\Users\Anjel\Downloads\Filipino_Dishes_Images\Lechon\Lechon_image_14.jpg,7
C:\Users\Anjel\Downloads\Filipino_Dishes_Images\Kare-Kare\Kare-Kare_image_7.jpg,6
C:\Users\Anjel\Downloads\Filipino_Dishes_Images\Lechon\Lechon_image_55.jpg,7
C:\Users\Anjel\Downloads\Filipino_Dishes_Images\Sinigang\Sinigang_image_56.jpg,12
C:\Users\Anjel\Downloads\Filipino_Dishes_Images\Kare-Kare\Kare-Kare_image_39.jpg,6
C:\Users\Anjel\Downloads\Filipino_Dishes_Images\Kare-Kare\Kare-Kare_image_18.jpg,6
C:\Users\Anjel\Downloads\Filipino_Dishes_Images\Halo-Halo\Halo-Halo_image_9.jpg,5
C:\Users\Anjel\Downloads\Filipino_Dishes_Images\Pancit_Canton\Pancit_Canton_image_44.jpg,10
C:\Users\Anjel\Downloads\Filipino_Dishes_Images\Pancit_Malabon\Pancit_Malabon_image_2.jpg,11
C:\Users\Anjel\Downloads\Filipino_Dishes_Images\Afritada\Afritada_image_15.jpg,1
C:\Users\Anjel\Downloads\Filipino_Dishes_Images\Kare-Kare\Kare-Kare_image_20.jpg,6
C:\Users\Anjel\Downloads\Filipino_Dishes_Images\Mechado\Mechado_image_2.jpg,8
C:\Users\Anjel\Downloads\Filipino_Dishes_Images\Mechado\Mechado_image_57.jpg,8
C:\Users\Anjel\Downloads\Filipino_Dishes_Images\Adobo\Adobo_image_54.jpg,0
C:\Users\Anjel\Downloads\Filipino_Dishes_Images\Sisig\Sisig_image_55.jpg,13
C:\Users\Anjel\Downloads\Filipino_Dishes_Images\Chicharon_Bulaklak\Chicharon_Bulaklak_image_38.jpg,3
C:\Users\Anjel\Downloads\Filipino_Dishes_Images\Lechon\Lechon_image_7.jpg,7
C:\Users\Anjel\Downloads\Filipino_Dishes_Images\Sinigang\Sinigang_image_39.jpg,12
C:\Users\Anjel\Downloads\Filipino_Dishes_Images\Sisig\Sisig_image_35.jpg,13
C:\Users\Anjel\Downloads\Filipino_Dishes_Images\Dinuguan\Dinuguan_image_57.jpg,4
C:\Users\Anjel\Downloads\Filipino_Dishes_Images\Pancit_Canton\Pancit_Canton_image_53.jpg,10
C:\Users\Anjel\Downloads\Filipino_Dishes_Images\Kare-Kare\Kare-Kare_image_43.jpg,6
C:\Users\Anjel\Downloads\Filipino_Dishes_Images\Chicharon_Bulaklak\Chicharon_Bulaklak_image_39.jpg,3
C:\Users\Anjel\Downloads\Filipino_Dishes_Images\Pancit_Canton\Pancit_Canton_image_57.jpg,10
C:\Users\Anjel\Downloads\Filipino_Dishes_Images\Sisig\Sisig_image_40.jpg,13
C:\Users\Anjel\Downloads\Filipino_Dishes_Images\Afritada\Afritada_image_65.jpg,1
C:\Users\Anjel\Downloads\Filipino_Dishes_Images\Sisig\Sisig_image_12.jpg,13
C:\Users\Anjel\Downloads\Filipino_Dishes_Images\Halo-Halo\Halo-Halo_image_33.jpg,5
C:\Users\Anjel\Downloads\Filipino_Dishes_Images\Lechon\Lechon_image_34.jpg,7
C:\Users\Anjel\Downloads\Filipino_Dishes_Images\Pancit_Canton\Pancit_Canton_image_8.jpg,10
C:\Users\Anjel\Downloads\Filipino_Dishes_Images\Dinuguan\Dinuguan_image_42.jpg,4
C:\Users\Anjel\Downloads\Filipino_Dishes_Images\Afritada\Afritada_image_6.jpg,1
C:\Users\Anjel\Downloads\Filipino_Dishes_Images\Pancit_Canton\Pancit_Canton_image_43.jpg,10
C:\Users\Anjel\Downloads\Filipino_Dishes_Images\Sinigang\Sinigang_image_59.jpg,12
C:\Users\Anjel\Downloads\Filipino_Dishes_Images\Sinigang\Sinigang_image_64.jpg,12
C:\Users\Anjel\Downloads\Filipino_Dishes_Images\Afritada\Afritada_image_30.jpg,1
C:\Users\Anjel\Downloads\Filipino_Dishes_Images\Dinuguan\Dinuguan_image_60.jpg,4
C:\Users\Anjel\Downloads\Filipino_Dishes_Images\Halo-Halo\Halo-Halo_image_7.jpg,5
C:\Users\Anjel\Downloads\Filipino_Dishes_Images\Chicharon_Bulaklak\Chicharon_Bulaklak_image_30.jpg,3
C:\Users\Anjel\Downloads\Filipino_Dishes_Images\Pancit_Canton\Pancit_Canton_image_26.jpg,10
C:\Users\Anjel\Downloads\Filipino_Dishes_Images\Kare-Kare\Kare-Kare_image_15.jpg,6
C:\Users\Anjel\Downloads\Filipino_Dishes_Images\Mechado\Mechado_image_33.jpg,8
C:\Users\Anjel\Downloads\Filipino_Dishes_Images\Dinuguan\Dinuguan_image_31.jpg,4
C:\Users\Anjel\Downloads\Filipino_Dishes_Images\Mechado\Mechado_image_66.jpg,8
C:\Users\Anjel\Downloads\Filipino_Dishes_Images\Sisig\Sisig_image_3.jpg,13
C:\Users\Anjel\Downloads\Filipino_Dishes_Images\Pancit_Canton\Pancit_Canton_image_59.jpg,10
C:\Users\Anjel\Downloads\Filipino_Dishes_Images\Pancit_Canton\Pancit_Canton_image_1.jpg,10
C:\Users\Anjel\Downloads\Filipino_Dishes_Images\Lechon\Lechon_image_41.jpg,7
C:\Users\Anjel\Downloads\Filipino_Dishes_Images\Sinigang\Sinigang_image_51.jpg,12
C:\Users\Anjel\Downloads\Filipino_Dishes_Images\Kare-Kare\Kare-Kare_image_55.jpg,6
C:\Users\Anjel\Downloads\Filipino_Dishes_Images\Sisig\Sisig_image_9.jpg,13
C:\Users\Anjel\Downloads\Filipino_Dishes_Images\Kare-Kare\Kare-Kare_image_47.jpg,6
C:\Users\Anjel\Downloads\Filipino_Dishes_Images\Pancit_Malabon\Pancit_Malabon_image_49.jpg,11
C:\Users\Anjel\Downloads\Filipino_Dishes_Images\Pancit_Canton\Pancit_Canton_image_30.jpg,10
C:\Users\Anjel\Downloads\Filipino_Dishes_Images\Sinigang\Sinigang_image_9.jpg,12
C:\Users\Anjel\Downloads\Filipino_Dishes_Images\Adobo\Adobo_image_27.jpg,0
C:\Users\Anjel\Downloads\Filipino_Dishes_Images\Chicharon_Bulaklak\Chicharon_Bulaklak_image_48.jpg,3
C:\Users\Anjel\Downloads\Filipino_Dishes_Images\Sisig\Sisig_image_62.jpg,13
C:\Users\Anjel\Downloads\Filipino_Dishes_Images\Caldereta\Caldereta_image_26.jpg,2
C:\Users\Anjel\Downloads\Filipino_Dishes_Images\Pancit_Malabon\Pancit_Malabon_image_17.jpg,11
C:\Users\Anjel\Downloads\Filipino_Dishes_Images\Menudo\Menudo_image_36.jpg,9
C:\Users\Anjel\Downloads\Filipino_Dishes_Images\Pancit_Malabon\Pancit_Malabon_image_33.jpg,11
C:\Users\Anjel\Downloads\Filipino_Dishes_Images\Caldereta\Caldereta_image_37.jpg,2
C:\Users\Anjel\Downloads\Filipino_Dishes_Images\Sisig\Sisig_image_18.jpg,13
C:\Users\Anjel\Downloads\Filipino_Dishes_Images\Lechon\Lechon_image_26.jpg,7
C:\Users\Anjel\Downloads\Filipino_Dishes_Images\Kare-Kare\Kare-Kare_image_57.jpg,6
C:\Users\Anjel\Downloads\Filipino_Dishes_Images\Pancit_Canton\Pancit_Canton_image_16.jpg,10
C:\Users\Anjel\Downloads\Filipino_Dishes_Images\Pancit_Canton\Pancit_Canton_image_17.jpg,10
C:\Users\Anjel\Downloads\Filipino_Dishes_Images\Pancit_Canton\Pancit_Canton_image_32.jpg,10
C:\Users\Anjel\Downloads\Filipino_Dishes_Images\Adobo\Adobo_image_37.jpg,0
C:\Users\Anjel\Downloads\Filipino_Dishes_Images\Pancit_Malabon\Pancit_Malabon_image_56.jpg,11
C:\Users\Anjel\Downloads\Filipino_Dishes_Images\Chicharon_Bulaklak\Chicharon_Bulaklak_image_46.jpg,3
C:\Users\Anjel\Downloads\Filipino_Dishes_Images\Pancit_Canton\Pancit_Canton_image_41.jpg,10
C:\Users\Anjel\Downloads\Filipino_Dishes_Images\Sinigang\Sinigang_image_6.jpg,12
C:\Users\Anjel\Downloads\Filipino_Dishes_Images\Sisig\Sisig_image_54.jpg,13
C:\Users\Anjel\Downloads\Filipino_Dishes_Images\Mechado\Mechado_image_21.jpg,8
C:\Users\Anjel\Downloads\Filipino_Dishes_Images\Pancit_Malabon\Pancit_Malabon_image_46.jpg,11
C:\Users\Anjel\Downloads\Filipino_Dishes_Images\Lechon\Lechon_image_15.jpg,7
C:\Users\Anjel\Downloads\Filipino_Dishes_Images\Chicharon_Bulaklak\Chicharon_Bulaklak_image_12.jpg,3
C:\Users\Anjel\Downloads\Filipino_Dishes_Images\Halo-Halo\Halo-Halo_image_15.jpg,5
C:\Users\Anjel\Downloads\Filipino_Dishes_Images\Kare-Kare\Kare-Kare_image_24.jpg,6
C:\Users\Anjel\Downloads\Filipino_Dishes_Images\Halo-Halo\Halo-Halo_image_20.jpg,5
C:\Users\Anjel\Downloads\Filipino_Dishes_Images\Pancit_Canton\Pancit_Canton_image_65.jpg,10
C:\Users\Anjel\Downloads\Filipino_Dishes_Images\Kare-Kare\Kare-Kare_image_49.jpg,6
C:\Users\Anjel\Downloads\Filipino_Dishes_Images\Chicharon_Bulaklak\Chicharon_Bulaklak_image_23.jpg,3
C:\Users\Anjel\Downloads\Filipino_Dishes_Images\Menudo\Menudo_image_5.jpg,9
C:\Users\Anjel\Downloads\Filipino_Dishes_Images\Pancit_Canton\Pancit_Canton_image_67.jpg,10
C:\Users\Anjel\Downloads\Filipino_Dishes_Images\Sisig\Sisig_image_6.jpg,13
C:\Users\Anjel\Downloads\Filipino_Dishes_Images\Lechon\Lechon_image_33.jpg,7
C:\Users\Anjel\Downloads\Filipino_Dishes_Images\Sinigang\Sinigang_image_44.jpg,12
C:\Users\Anjel\Downloads\Filipino_Dishes_Images\Pancit_Canton\Pancit_Canton_image_37.jpg,10
C:\Users\Anjel\Downloads\Filipino_Dishes_Images\Pancit_Malabon\Pancit_Malabon_image_39.jpg,11
C:\Users\Anjel\Downloads\Filipino_Dishes_Images\Pancit_Canton\Pancit_Canton_image_24.jpg,10
C:\Users\Anjel\Downloads\Filipino_Dishes_Images\Sisig\Sisig_image_47.jpg,13
C:\Users\Anjel\Downloads\Filipino_Dishes_Images\Adobo\Adobo_image_40.jpg,0
C:\Users\Anjel\Downloads\Filipino_Dishes_Images\Kare-Kare\Kare-Kare_image_34.jpg,6
C:\Users\Anjel\Downloads\Filipino_Dishes_Images\Pancit_Canton\Pancit_Canton_image_26.jpg,10
C:\Users\Anjel\Downloads\Filipino_Dishes_Images\Sinigang\Sinigang_image_5.jpg,12
C:\Users\Anjel\Downloads\Filipino_Dishes_Images\Halo-Halo\Halo-Halo_image_29.jpg,5
C:\Users\Anjel\Downloads\Filipino_Dishes_Images\Mechado\Mechado_image_63.jpg,8
C:\Users\Anjel\Downloads\Filipino_Dishes_Images\Menudo\Menudo_image_48.jpg,9
C:\Users\Anjel\Downloads\Filipino_Dishes_Images\Menudo\Menudo_image_33.jpg,9
C:\Users\Anjel\Downloads\Filipino_Dishes_Images\Kare-Kare\Kare-Kare_image_9.jpg,6
C:\Users\Anjel\Downloads\Filipino_Dishes_Images\Chicharon_Bulaklak\Chicharon_Bulaklak_image_6.jpg,3
C:\Users\Anjel\Downloads\Filipino_Dishes_Images\Adobo\Adobo_image_77.jpg,0
C:\Users\Anjel\Downloads\Filipino_Dishes_Images\Menudo\Menudo_image_28.jpg,9
C:\Users\Anjel\Downloads\Filipino_Dishes_Images\Lechon\Lechon_image_17.jpg,7
C:\Users\Anjel\Downloads\Filipino_Dishes_Images\Chicharon_Bulaklak\Chicharon_Bulaklak_image_36.jpg,3
C:\Users\Anjel\Downloads\Filipino_Dishes_Images\Mechado\Mechado_image_50.jpg,8
C:\Users\Anjel\Downloads\Filipino_Dishes_Images\Kare-Kare\Kare-Kare_image_2.jpg,6
C:\Users\Anjel\Downloads\Filipino_Dishes_Images\Dinuguan\Dinuguan_image_62.jpg,4
C:\Users\Anjel\Downloads\Filipino_Dishes_Images\Afritada\Afritada_image_36.jpg,1
C:\Users\Anjel\Downloads\Filipino_Dishes_Images\Halo-Halo\Halo-Halo_image_41.jpg,5
C:\Users\Anjel\Downloads\Filipino_Dishes_Images\Sisig\Sisig_image_38.jpg,13
C:\Users\Anjel\Downloads\Filipino_Dishes_Images\Halo-Halo\Halo-Halo_image_14.jpg,5
C:\Users\Anjel\Downloads\Filipino_Dishes_Images\Sinigang\Sinigang_image_24.jpg,12
C:\Users\Anjel\Downloads\Filipino_Dishes_Images\Mechado\Mechado_image_59.jpg,8
C:\Users\Anjel\Downloads\Filipino_Dishes_Images\Caldereta\Caldereta_image_5.jpg,2
C:\Users\Anjel\Downloads\Filipino_Dishes_Images\Adobo\Adobo_image_4.jpg,0
C:\Users\Anjel\Downloads\Filipino_Dishes_Images\Mechado\Mechado_image_32.jpg,8
C:\Users\Anjel\Downloads\Filipino_Dishes_Images\Sisig\Sisig_image_11.jpg,13
C:\Users\Anjel\Downloads\Filipino_Dishes_Images\Adobo\Adobo_image_70.jpg,0
C:\Users\Anjel\Downloads\Filipino_Dishes_Images\Pancit_Canton\Pancit_Canton_image_48.jpg,10
C:\Users\Anjel\Downloads\Filipino_Dishes_Images\Pancit_Malabon\Pancit_Malabon_image_13.jpg,11
C:\Users\Anjel\Downloads\Filipino_Dishes_Images\Lechon\Lechon_image_6.jpg,7
C:\Users\Anjel\Downloads\Filipino_Dishes_Images\Adobo\Adobo_image_6.jpg,0
C:\Users\Anjel\Downloads\Filipino_Dishes_Images\Kare-Kare\Kare-Kare_image_42.jpg,6
C:\Users\Anjel\Downloads\Filipino_Dishes_Images\Menudo\Menudo_image_15.jpg,9
C:\Users\Anjel\Downloads\Filipino_Dishes_Images\Caldereta\Caldereta_image_23.jpg,2
C:\Users\Anjel\Downloads\Filipino_Dishes_Images\Menudo\Menudo_image_41.jpg,9
C:\Users\Anjel\Downloads\Filipino_Dishes_Images\Mechado\Mechado_image_53.jpg,8
C:\Users\Anjel\Downloads\Filipino_Dishes_Images\Halo-Halo\Halo-Halo_image_2.jpg,5
C:\Users\Anjel\Downloads\Filipino_Dishes_Images\Caldereta\Caldereta_image_54.jpg,2
C:\Users\Anjel\Downloads\Filipino_Dishes_Images\Pancit_Canton\Pancit_Canton_image_62.jpg,10
C:\Users\Anjel\Downloads\Filipino_Dishes_Images\Chicharon_Bulaklak\Chicharon_Bulaklak_image_22.jpg,3
C:\Users\Anjel\Downloads\Filipino_Dishes_Images\Kare-Kare\Kare-Kare_image_21.jpg,6
C:\Users\Anjel\Downloads\Filipino_Dishes_Images\Menudo\Menudo_image_53.jpg,9
C:\Users\Anjel\Downloads\Filipino_Dishes_Images\Dinuguan\Dinuguan_image_21.jpg,4
C:\Users\Anjel\Downloads\Filipino_Dishes_Images\Pancit_Canton\Pancit_Canton_image_47.jpg,10
C:\Users\Anjel\Downloads\Filipino_Dishes_Images\Pancit_Canton\Pancit_Canton_image_18.jpg,10
C:\Users\Anjel\Downloads\Filipino_Dishes_Images\Pancit_Canton\Pancit_Canton_image_23.jpg,10
C:\Users\Anjel\Downloads\Filipino_Dishes_Images\Afritada\Afritada_image_43.jpg,1
C:\Users\Anjel\Downloads\Filipino_Dishes_Images\Sisig\Sisig_image_65.jpg,13
C:\Users\Anjel\Downloads\Filipino_Dishes_Images\Chicharon_Bulaklak\Chicharon_Bulaklak_image_57.jpg,3
C:\Users\Anjel\Downloads\Filipino_Dishes_Images\Pancit_Canton\Pancit_Canton_image_25.jpg,10
C:\Users\Anjel\Downloads\Filipino_Dishes_Images\Mechado\Mechado_image_22.jpg,8
C:\Users\Anjel\Downloads\Filipino_Dishes_Images\Mechado\Mechado_image_16.jpg,8
C:\Users\Anjel\Downloads\Filipino_Dishes_Images\Pancit_Canton\Pancit_Canton_image_68.jpg,10
C:\Users\Anjel\Downloads\Filipino_Dishes_Images\Kare-Kare\Kare-Kare_image_45.jpg,6
C:\Users\Anjel\Downloads\Filipino_Dishes_Images\Lechon\Lechon_image_30.jpg,7
C:\Users\Anjel\Downloads\Filipino_Dishes_Images\Afritada\Afritada_image_17.jpg,1
C:\Users\Anjel\Downloads\Filipino_Dishes_Images\Chicharon_Bulaklak\Chicharon_Bulaklak_image_7.jpg,3
C:\Users\Anjel\Downloads\Filipino_Dishes_Images\Caldereta\Caldereta_image_28.jpg,2
C:\Users\Anjel\Downloads\Filipino_Dishes_Images\Pancit_Malabon\Pancit_Malabon_image_48.jpg,11
C:\Users\Anjel\Downloads\Filipino_Dishes_Images\Pancit_Canton\Pancit_Canton_image_28.jpg,10
C:\Users\Anjel\Downloads\Filipino_Dishes_Images\Halo-Halo\Halo-Halo_image_24.jpg,5
C:\Users\Anjel\Downloads\Filipino_Dishes_Images\Sisig\Sisig_image_66.jpg,13
C:\Users\Anjel\Downloads\Filipino_Dishes_Images\Mechado\Mechado_image_37.jpg,8
C:\Users\Anjel\Downloads\Filipino_Dishes_Images\Kare-Kare\Kare-Kare_image_51.jpg,6
C:\Users\Anjel\Downloads\Filipino_Dishes_Images\Pancit_Canton\Pancit_Canton_image_70.jpg,10
C:\Users\Anjel\Downloads\Filipino_Dishes_Images\Adobo\Adobo_image_47.jpg,0
C:\Users\Anjel\Downloads\Filipino_Dishes_Images\Pancit_Malabon\Pancit_Malabon_image_58.jpg,11
C:\Users\Anjel\Downloads\Filipino_Dishes_Images\Halo-Halo\Halo-Halo_image_12.jpg,5
C:\Users\Anjel\Downloads\Filipino_Dishes_Images\Menudo\Menudo_image_2.jpg,9
C:\Users\Anjel\Downloads\Filipino_Dishes_Images\Pancit_Canton\Pancit_Canton_image_10.jpg,10
C:\Users\Anjel\Downloads\Filipino_Dishes_Images\Pancit_Canton\Pancit_Canton_image_54.jpg,10
C:\Users\Anjel\Downloads\Filipino_Dishes_Images\Pancit_Malabon\Pancit_Malabon_image_54.jpg,11
C:\Users\Anjel\Downloads\Filipino_Dishes_Images\Adobo\Adobo_image_22.jpg,0
C:\Users\Anjel\Downloads\Filipino_Dishes_Images\Chicharon_Bulaklak\Chicharon_Bulaklak_image_11.jpg,3
C:\Users\Anjel\Downloads\Filipino_Dishes_Images\Menudo\Menudo_image_35.jpg,9
C:\Users\Anjel\Downloads\Filipino_Dishes_Images\Kare-Kare\Kare-Kare_image_5.jpg,6
C:\Users\Anjel\Downloads\Filipino_Dishes_Images\Mechado\Mechado_image_69.jpg,8
C:\Users\Anjel\Downloads\Filipino_Dishes_Images\Halo-Halo\Halo-Halo_image_50.jpg,5
C:\Users\Anjel\Downloads\Filipino_Dishes_Images\Mechado\Mechado_image_15.jpg,8
C:\Users\Anjel\Downloads\Filipino_Dishes_Images\Dinuguan\Dinuguan_image_50.jpg,4
C:\Users\Anjel\Downloads\Filipino_Dishes_Images\Adobo\Adobo_image_33.jpg,0
C:\Users\Anjel\Downloads\Filipino_Dishes_Images\Dinuguan\Dinuguan_image_23.jpg,4
C:\Users\Anjel\Downloads\Filipino_Dishes_Images\Pancit_Malabon\Pancit_Malabon_image_57.jpg,11
C:\Users\Anjel\Downloads\Filipino_Dishes_Images\Dinuguan\Dinuguan_image_29.jpg,4
C:\Users\Anjel\Downloads\Filipino_Dishes_Images\Kare-Kare\Kare-Kare_image_6.jpg,6
C:\Users\Anjel\Downloads\Filipino_Dishes_Images\Chicharon_Bulaklak\Chicharon_Bulaklak_image_47.jpg,3
C:\Users\Anjel\Downloads\Filipino_Dishes_Images\Menudo\Menudo_image_14.jpg,9
C:\Users\Anjel\Downloads\Filipino_Dishes_Images\Afritada\Afritada_image_63.jpg,1
C:\Users\Anjel\Downloads\Filipino_Dishes_Images\Sinigang\Sinigang_image_32.jpg,12
C:\Users\Anjel\Downloads\Filipino_Dishes_Images\Halo-Halo\Halo-Halo_image_10.jpg,5
C:\Users\Anjel\Downloads\Filipino_Dishes_Images\Afritada\Afritada_image_21.jpg,1
C:\Users\Anjel\Downloads\Filipino_Dishes_Images\Caldereta\Caldereta_image_33.jpg,2
C:\Users\Anjel\Downloads\Filipino_Dishes_Images\Lechon\Lechon_image_8.jpg,7
C:\Users\Anjel\Downloads\Filipino_Dishes_Images\Pancit_Canton\Pancit_Canton_image_64.jpg,10
C:\Users\Anjel\Downloads\Filipino_Dishes_Images\Sisig\Sisig_image_10.jpg,13
C:\Users\Anjel\Downloads\Filipino_Dishes_Images\Kare-Kare\Kare-Kare_image_48.jpg,6
C:\Users\Anjel\Downloads\Filipino_Dishes_Images\Mechado\Mechado_image_45.jpg,8
C:\Users\Anjel\Downloads\Filipino_Dishes_Images\Pancit_Canton\Pancit_Canton_image_52.jpg,10
C:\Users\Anjel\Downloads\Filipino_Dishes_Images\Mechado\Mechado_image_65.jpg,8
C:\Users\Anjel\Downloads\Filipino_Dishes_Images\Kare-Kare\Kare-Kare_image_61.jpg,6
C:\Users\Anjel\Downloads\Filipino_Dishes_Images\Chicharon_Bulaklak\Chicharon_Bulaklak_image_49.jpg,3
C:\Users\Anjel\Downloads\Filipino_Dishes_Images\Pancit_Malabon\Pancit_Malabon_image_59.jpg,11
C:\Users\Anjel\Downloads\Filipino_Dishes_Images\Lechon\Lechon_image_43.jpg,7
C:\Users\Anjel\Downloads\Filipino_Dishes_Images\Pancit_Malabon\Pancit_Malabon_image_55.jpg,11
C:\Users\Anjel\Downloads\Filipino_Dishes_Images\Sisig\Sisig_image_50.jpg,13
C:\Users\Anjel\Downloads\Filipino_Dishes_Images\Caldereta\Caldereta_image_56.jpg,2
C:\Users\Anjel\Downloads\Filipino_Dishes_Images\Kare-Kare\Kare-Kare_image_12.jpg,6
C:\Users\Anjel\Downloads\Filipino_Dishes_Images\Sisig\Sisig_image_63.jpg,13
C:\Users\Anjel\Downloads\Filipino_Dishes_Images\Mechado\Mechado_image_36.jpg,8
C:\Users\Anjel\Downloads\Filipino_Dishes_Images\Sisig\Sisig_image_45.jpg,13
C:\Users\Anjel\Downloads\Filipino_Dishes_Images\Pancit_Malabon\Pancit_Malabon_image_3.jpg,11
C:\Users\Anjel\Downloads\Filipino_Dishes_Images\Menudo\Menudo_image_60.jpg,9
C:\Users\Anjel\Downloads\Filipino_Dishes_Images\Mechado\Mechado_image_35.jpg,8
C:\Users\Anjel\Downloads\Filipino_Dishes_Images\Pancit_Malabon\Pancit_Malabon_image_53.jpg,11
C:\Users\Anjel\Downloads\Filipino_Dishes_Images\Lechon\Lechon_image_24.jpg,7
C:\Users\Anjel\Downloads\Filipino_Dishes_Images\Pancit_Canton\Pancit_Canton_image_46.jpg,10
C:\Users\Anjel\Downloads\Filipino_Dishes_Images\Chicharon_Bulaklak\Chicharon_Bulaklak_image_58.jpg,3
C:\Users\Anjel\Downloads\Filipino_Dishes_Images\Menudo\Menudo_image_22.jpg,9
C:\Users\Anjel\Downloads\Filipino_Dishes_Images\Afritada\Afritada_image_61.jpg,1
C:\Users\Anjel\Downloads\Filipino_Dishes_Images\Mechado\Mechado_image_20.jpg,8
C:\Users\Anjel\Downloads\Filipino_Dishes_Images\Caldereta\Caldereta_image_27.jpg,2
C:\Users\Anjel\Downloads\Filipino_Dishes_Images\Afritada\Afritada_image_24.jpg,1
C:\Users\Anjel\Downloads\Filipino_Dishes_Images\Caldereta\Caldereta_image_58.jpg,2
C:\Users\Anjel\Downloads\Filipino_Dishes_Images\Halo-Halo\Halo-Halo_image_8.jpg,5
C:\Users\Anjel\Downloads\Filipino_Dishes_Images\Kare-Kare\Kare-Kare_image_35.jpg,6
C:\Users\Anjel\Downloads\Filipino_Dishes_Images\Halo-Halo\Halo-Halo_image_36.jpg,5
C:\Users\Anjel\Downloads\Filipino_Dishes_Images\Mechado\Mechado_image_52.jpg,8
C:\Users\Anjel\Downloads\Filipino_Dishes_Images\Dinuguan\Dinuguan_image_27.jpg,4
C:\Users\Anjel\Downloads\Filipino_Dishes_Images\Pancit_Canton\Pancit_Canton_image_68.jpg,10
C:\Users\Anjel\Downloads\Filipino_Dishes_Images\Afritada\Afritada_image_56.jpg,1
C:\Users\Anjel\Downloads\Filipino_Dishes_Images\Sisig\Sisig_image_25.jpg,13
C:\Users\Anjel\Downloads\Filipino_Dishes_Images\Adobo\Adobo_image_72.jpg,0
C:\Users\Anjel\Downloads\Filipino_Dishes_Images\Sisig\Sisig_image_27.jpg,13
C:\Users\Anjel\Downloads\Filipino_Dishes_Images\Lechon\Lechon_image_39.jpg,7
C:\Users\Anjel\Downloads\Filipino_Dishes_Images\Adobo\Adobo_image_41.jpg,0
C:\Users\Anjel\Downloads\Filipino_Dishes_Images\Dinuguan\Dinuguan_image_56.jpg,4
C:\Users\Anjel\Downloads\Filipino_Dishes_Images\Adobo\Adobo_image_29.jpg,0
C:\Users\Anjel\Downloads\Filipino_Dishes_Images\Mechado\Mechado_image_19.jpg,8
C:\Users\Anjel\Downloads\Filipino_Dishes_Images\Dinuguan\Dinuguan_image_14.jpg,4
C:\Users\Anjel\Downloads\Filipino_Dishes_Images\Chicharon_Bulaklak\Chicharon_Bulaklak_image_20.jpg,3
C:\Users\Anjel\Downloads\Filipino_Dishes_Images\Mechado\Mechado_image_27.jpg,8
C:\Users\Anjel\Downloads\Filipino_Dishes_Images\Adobo\Adobo_image_63.jpg,0
C:\Users\Anjel\Downloads\Filipino_Dishes_Images\Sinigang\Sinigang_image_46.jpg,12
C:\Users\Anjel\Downloads\Filipino_Dishes_Images\Menudo\Menudo_image_21.jpg,9
C:\Users\Anjel\Downloads\Filipino_Dishes_Images\Sisig\Sisig_image_64.jpg,13
C:\Users\Anjel\Downloads\Filipino_Dishes_Images\Adobo\Adobo_image_13.jpg,0
C:\Users\Anjel\Downloads\Filipino_Dishes_Images\Adobo\Adobo_image_48.jpg,0
C:\Users\Anjel\Downloads\Filipino_Dishes_Images\Afritada\Afritada_image_18.jpg,1
C:\Users\Anjel\Downloads\Filipino_Dishes_Images\Lechon\Lechon_image_28.jpg,7
C:\Users\Anjel\Downloads\Filipino_Dishes_Images\Halo-Halo\Halo-Halo_image_58.jpg,5
C:\Users\Anjel\Downloads\Filipino_Dishes_Images\Adobo\Adobo_image_44.jpg,0
